<project name="RCPToolbox Samples Webstart" default="all" basedir=".">

  	<property file="build.properties"/>
    <property name="build.home" value="."/>
    <property name="src.dir" value="${build.home}"/>
    <property name="bin.dir" value="${build.home}"/>
	<property name="lib.dir" value="${lib.dir}"/>
	
	<target name="cleanWebstart" description="Clean up">
		<delete dir="${javaws.out}"/>
	</target>
	
	<target name="prepare" description="Sets up the webstart directory">
		<mkdir dir="${javaws.out}/samples/lib"/>
		<mkdir dir="${javaws.out}/samples/lib/win32"/>
		<mkdir dir="${javaws.out}/samples/lib/macosx"/>
		<mkdir dir="${javaws.out}/samples/lib/linux"/>
		<!-- <mkdir dir="${javaws.out}/samples/redist"/> -->
		<copy toDir="${javaws.out}/samples" overwrite="on">
		   <fileset dir="${src.dir}" includes="demo*.jnlp"/>  		            
		   <fileset dir="${src.dir}" includes="rcpToolbox.gif"/>
		</copy>
	</target>
	
<!--	<target name="bundleRedist" description="Bundles the eclise jars into an archive">
		  <zip destfile="${javaws.out}/samples/redist/eclipseJars.zip"
		       basedir="${eclipse.home}/plugins"
		       includes="org.eclipse.core.commands_3.3.0.I20070605-0010.jar,
		  	org.eclipse.core.runtime.compatibility_3.1.200.v20070502.jar,
		  	org.eclipse.core.runtime_3.3.100.v20070530.jar,
		  	org.eclipse.equinox.common_3.3.0.v20070426.jar,
		  	org.eclipse.jface.databinding_1.1.0.I20070606-0010.jar,
		  	org.eclipse.jface.text_3.3.0.v20070606-0010.jar,
		  	org.eclipse.jface_3.3.0.I20070606-0010.jar,
		  	org.eclipse.swt.win32.win32.x86_3.3.0.v3346.jar,
		  	org.eclipse.swt.carbon.macosx_3.3.0.v3346.jar,
		  	org.eclipse.swt_3.3.0.v3346.jar,
			org.eclipse.core.databinding_1.0.0.I20070606-0010.jar"		
		  />
	</target> -->
	
	<target name="signjars" depends="prepare" description="Sign jars for webstart">
		<signjar
	        jar="${lib.dir}/com.richclientgui.toolbox.samples.0.3.jar"
	        signedjar="${javaws.out}/samples/lib/com.richclientgui.toolbox.samples.0.3.jar"
	        keystore="${keystore.file}"
	        alias="${keystore.user}"
	        storepass="${keystore.pass}"/>
		
        <signjar
            jar="${lib.dir}/com.richclientgui.toolbox.0.3.jar"
            signedjar="${javaws.out}/samples/lib/com.richclientgui.toolbox.0.3.jar"
            keystore="${keystore.file}"
            alias="${keystore.user}"
            storepass="${keystore.pass}"/>
        <signjar
            jar="${lib.dir}/win32/swt.jar"
            signedjar="${javaws.out}/samples/lib/win32/swt.jar"
            keystore="${keystore.file}"
            alias="${keystore.user}"
            storepass="${keystore.pass}"/>
        <signjar
            jar="${lib.dir}/macosx/swt.jar"
            signedjar="${javaws.out}/samples/lib/macosx/swt.jar"
            keystore="${keystore.file}"
            alias="${keystore.user}"
            storepass="${keystore.pass}"/>
        <signjar
            jar="${lib.dir}/linux/swt.jar"
            signedjar="${javaws.out}/samples/lib/linux/swt.jar"
            keystore="${keystore.file}"
            alias="${keystore.user}"
            storepass="${keystore.pass}"/>

	</target>

	<target name="bin" depends="prepare,signjars" description="Deployable binaries"/>
	<target name="clean" depends="cleanWebstart" description="Clears the sample build area"/>
	<target name="all" depends="bin" />
</project>