<project name="Run RCP Toolbox samples" default="DigitalClockDemo" basedir=".">

  	<property file="build.properties"/>
  	
	<patternset id="all.swt.jars">
		<include name="*swt*.jar"/>
	</patternset>
	
	<patternset id="all.jface.jars">
		<include name="*jface*.jar"/>
	</patternset>

	<patternset id="core.jars">
		<include name="org.eclipse.core.*.jar"/>
	</patternset>
	
  	<patternset id="equinox.jars">
		<include name="org.eclipse.equinox.*.jar"/>
	</patternset>

	<path id="base.classpath">
		<fileset dir="${eclipse.home}/plugins/">
			<patternset refid="all.swt.jars"/>
			<patternset refid="all.jface.jars"/>
			<patternset refid="core.jars"/>
			<patternset refid="equinox.jars"/>
		</fileset>
		<pathelement path="${lib.dir}/com.richclientgui.toolbox.${version}.jar"/>
		<pathelement path="${lib.dir}/com.richclientgui.toolbox.samples.${version}.jar"/>
	</path>
	
	<target name="TableDualListSample" description="Run Duallist sample">
		<java classname="com.richclientgui.toolbox.samples.duallist.TableDualListSample">
			<classpath refid="base.classpath"/>
		</java>
	</target>

	<target name="SimpleDualListSample" description="Run Duallist sample">
		<java classname="com.richclientgui.toolbox.samples.duallist.SimpleDualListSample">
			<classpath refid="base.classpath"/>
		</java>
	</target>

	<target name="StringDualListSample" description="Run Duallist sample">
		<java classname="com.richclientgui.toolbox.samples.duallist.StringDualListSample">
			<classpath refid="base.classpath"/>
		</java>
	</target>

	<target name="PropagateCompositeSample" description="Run PropagateCompositeSample sample">
		<java classname="com.richclientgui.toolbox.samples.propagate.PropagateCompositeSample">
			<classpath refid="base.classpath"/>
		</java>
	</target>

	<target name="PropagateGroupSample" description="Run PropagateGroupSample sample">
		<java classname="com.richclientgui.toolbox.samples.propagate.PropagateGroupSample">
			<classpath refid="base.classpath"/>
		</java>
	</target>

	<target name="PropagateBackgroundSample" description="Run PropagateBackgroundSample">
		<java classname="com.richclientgui.toolbox.samples.propagate.PropagateBackgroundColorSample">
			<classpath refid="base.classpath"/>
		</java>
	</target>

	<target name="PropagateForegroundSample" description="Run PropagateForegroundSample">
		<java classname="com.richclientgui.toolbox.samples.propagate.PropagateForegroundColorSample">
			<classpath refid="base.classpath"/>
		</java>
	</target>

	<target name="PropagateFontSample" description="Run PropagateFontSample">
		<java classname="com.richclientgui.toolbox.samples.propagate.PropagateFontSample">
			<classpath refid="base.classpath"/>
		</java>
	</target>

	<target name="DigitalClockDemo" description="Run DigitalClockDemo sample">
		<java classname="com.richclientgui.toolbox.samples.digitalClock.DigitalClockDemo">
			<classpath refid="base.classpath"/>
		</java>
	</target>

	<target name="CoolButtonDemo" description="Run CoolButtonDemo sample">
		<java classname="com.richclientgui.toolbox.samples.button.CoolButtonDemo">
			<classpath refid="base.classpath"/>
		</java>
	</target>

	<target name="CoolSliderDemo" description="Run CoolSliderDemo sample">
		<java classname="com.richclientgui.toolbox.samples.slider.CoolSliderDemo">
			<classpath refid="base.classpath"/>
		</java>
	</target>
	
	<target name="ScrollingLabelDemo" description="Run ScrollingLabelDemo sample">
		<java classname="com.richclientgui.toolbox.samples.label.ScrollingLabelDemo">
			<classpath refid="base.classpath"/>
		</java>
	</target>
	
	<target name="CoolProgressBarDemo" description="Run CoolProgressBarDemo sample">
		<java classname="com.richclientgui.toolbox.samples.progressIndicator.CoolProgressBarDemo">
			<classpath refid="base.classpath"/>
		</java>
	</target>
	
	<target name="ImageSequencerDemo" description="Run ImageSequencerDemo sample">
		<java classname="com.richclientgui.toolbox.samples.progressIndicator.ImageSequencerDemo">
			<classpath refid="base.classpath"/>
		</java>
	</target>
	
	<target name="CoolGaugeDemo" description="Run CoolGaugeDemo sample">
		<java classname="com.richclientgui.toolbox.samples.gauges.CoolGaugeDemo">
			<classpath refid="base.classpath"/>
		</java>
	</target>

	<target name="GoogleMapDemo" description="Run GoogleMapDemo sample">
		<java classname="com.richclientgui.toolbox.samples.googlemap.GoogleMapDemo">
			<classpath refid="base.classpath"/>
		</java>
	</target>
	
	
</project>